Type,Level
72" x 84",Level 1
72" x 84",Level 1
72" x 84",Level 1
72" x 84",Level 1
34" x 84",Level 1
34" x 84",Level 1
34" x 84",Level 1
34" x 84",Level 1
34" x 84",Level 1
34" x 84",Level 1
34" x 84",Level 1
34" x 84",Level 1
72" x 84",Level 1
34" x 84",Level 2
34" x 84",Level 2
34" x 84",Level 2
34" x 84",Level 2
34" x 84",Level 2
34" x 84",Level 2
34" x 84",Level 2
34" x 84",Level 2
72" x 84",Level 2
34" x 84",Level 3
34" x 84",Level 3
34" x 84",Level 3
34" x 84",Level 3
34" x 84",Level 3
34" x 84",Level 3
34" x 84",Level 3
34" x 84",Level 3
72" x 84",Level 3
34" x 84",Level 4
34" x 84",Level 4
34" x 84",Level 4
34" x 84",Level 4
34" x 84",Level 4
34" x 84",Level 4
34" x 84",Level 4
34" x 84",Level 4
72" x 84",Level 4
34" x 84",Level 5
34" x 84",Level 5
34" x 84",Level 5
34" x 84",Level 5
34" x 84",Level 5
34" x 84",Level 5
34" x 84",Level 5
34" x 84",Level 5
72" x 84",Level 5
72" x 84",Level 1
36" x 84",Level 1
72" x 84",Level 1
34" x 80",Level 1
34" x 80",Level 1
30" x 80",Level 1
30" x 80",Level 1
30" x 80",Level 1
30" x 80",Level 1
30" x 80",Level 1
30" x 80",Level 1
30" x 80",Level 1
30" x 80",Level 1
30" x 80",Level 1
72" x 84",Level 2
36" x 84",Level 2
72" x 84",Level 2
34" x 80",Level 2
34" x 80",Level 2
30" x 80",Level 2
30" x 80",Level 2
30" x 80",Level 2
30" x 80",Level 2
30" x 80",Level 2
30" x 80",Level 2
30" x 80",Level 2
30" x 80",Level 2
30" x 80",Level 2
72" x 84",Level 3
36" x 84",Level 3
72" x 84",Level 3
34" x 80",Level 3
34" x 80",Level 3
30" x 80",Level 3
30" x 80",Level 3
30" x 80",Level 3
30" x 80",Level 3
30" x 80",Level 3
30" x 80",Level 3
30" x 80",Level 3
30" x 80",Level 3
30" x 80",Level 3
72" x 84",Level 4
36" x 84",Level 4
72" x 84",Level 4
34" x 80",Level 4
34" x 80",Level 4
30" x 80",Level 4
30" x 80",Level 4
30" x 80",Level 4
30" x 80",Level 4
30" x 80",Level 4
30" x 80",Level 4
30" x 80",Level 4
30" x 80",Level 4
30" x 80",Level 4
72" x 84",Level 5
36" x 84",Level 5
72" x 84",Level 5
34" x 80",Level 5
34" x 80",Level 5
30" x 80",Level 5
30" x 80",Level 5
30" x 80",Level 5
30" x 80",Level 5
30" x 80",Level 5
30" x 80",Level 5
30" x 80",Level 5
30" x 80",Level 5
30" x 80",Level 5
36" x 84",Level 6
