Material,Wall_Type,Level,Wall_Area_m2,Thickness_m,Volume_m3
Brick, Common,Exterior - Brick and CMU on MTL. Stud,Level 1,462.96,0.092,42.6272
Concrete Masonry Units,Exterior - Brick and CMU on MTL. Stud,Level 1,462.96,0.092,42.6272
Air,Exterior - Brick and CMU on MTL. Stud,Level 1,462.96,0.076,35.2777
Plywood, Sheathing,Exterior - Brick and CMU on MTL. Stud,Level 1,462.96,0.019,8.8194
Metal Stud Layer,Exterior - Brick and CMU on MTL. Stud,Level 1,462.96,0.152,70.5554
Gypsum Wall Board,Exterior - Brick and CMU on MTL. Stud,Level 1,462.96,0.013,5.8796
Brick, Common,Exterior - Brick and CMU on MTL. Stud,Level 1,312.41,0.092,28.7648
Concrete Masonry Units,Exterior - Brick and CMU on MTL. Stud,Level 1,312.41,0.092,28.7648
Air,Exterior - Brick and CMU on MTL. Stud,Level 1,312.41,0.076,23.8054
Plywood, Sheathing,Exterior - Brick and CMU on MTL. Stud,Level 1,312.41,0.019,5.9513
Metal Stud Layer,Exterior - Brick and CMU on MTL. Stud,Level 1,312.41,0.152,47.6108
Gypsum Wall Board,Exterior - Brick and CMU on MTL. Stud,Level 1,312.41,0.013,3.9676
Brick, Common,Exterior - Brick and CMU on MTL. Stud,Level 1,183.95,0.092,16.937
Concrete Masonry Units,Exterior - Brick and CMU on MTL. Stud,Level 1,183.95,0.092,16.937
Air,Exterior - Brick and CMU on MTL. Stud,Level 1,183.95,0.076,14.0168
Plywood, Sheathing,Exterior - Brick and CMU on MTL. Stud,Level 1,183.95,0.019,3.5042
Metal Stud Layer,Exterior - Brick and CMU on MTL. Stud,Level 1,183.95,0.152,28.0337
Gypsum Wall Board,Exterior - Brick and CMU on MTL. Stud,Level 1,183.95,0.013,2.3361
Brick, Common,Exterior - Brick and CMU on MTL. Stud,Level 1,403.17,0.092,37.1215
Concrete Masonry Units,Exterior - Brick and CMU on MTL. Stud,Level 1,403.17,0.092,37.1215
Air,Exterior - Brick and CMU on MTL. Stud,Level 1,403.17,0.076,30.7212
Plywood, Sheathing,Exterior - Brick and CMU on MTL. Stud,Level 1,403.17,0.019,7.6803
Metal Stud Layer,Exterior - Brick and CMU on MTL. Stud,Level 1,403.17,0.152,61.4424
Gypsum Wall Board,Exterior - Brick and CMU on MTL. Stud,Level 1,403.17,0.013,5.1202
Brick, Common,Exterior - Brick and CMU on MTL. Stud,Level 1,707.21,0.092,65.1165
Concrete Masonry Units,Exterior - Brick and CMU on MTL. Stud,Level 1,707.21,0.092,65.1165
Air,Exterior - Brick and CMU on MTL. Stud,Level 1,707.21,0.076,53.8895
Plywood, Sheathing,Exterior - Brick and CMU on MTL. Stud,Level 1,707.21,0.019,13.4724
Metal Stud Layer,Exterior - Brick and CMU on MTL. Stud,Level 1,707.21,0.152,107.779
Gypsum Wall Board,Exterior - Brick and CMU on MTL. Stud,Level 1,707.21,0.013,8.9816
Gypsum Wall Board,Interior - 5 1/2" Partition (1-hr),Level 1,30.17,0.016,0.479
Metal Stud Layer,Interior - 5 1/2" Partition (1-hr),Level 1,30.17,0.092,2.7781
Gypsum Wall Board,Interior - 5 1/2" Partition (1-hr),Level 1,30.17,0.016,0.479
Gypsum Wall Board,Interior - 5 1/2" Partition (1-hr),Level 1,30.17,0.016,0.479
Gypsum Wall Board,Interior - 5 1/2" Partition (1-hr),Level 1,96.93,0.016,1.5387
Metal Stud Layer,Interior - 5 1/2" Partition (1-hr),Level 1,96.93,0.092,8.9246
Gypsum Wall Board,Interior - 5 1/2" Partition (1-hr),Level 1,96.93,0.016,1.5387
Gypsum Wall Board,Interior - 5 1/2" Partition (1-hr),Level 1,96.93,0.016,1.5387
Gypsum Wall Board,Interior - 5 1/2" Partition (1-hr),Level 1,63.02,0.016,1.0004
Metal Stud Layer,Interior - 5 1/2" Partition (1-hr),Level 1,63.02,0.092,5.8024
Gypsum Wall Board,Interior - 5 1/2" Partition (1-hr),Level 1,63.02,0.016,1.0004
Gypsum Wall Board,Interior - 5 1/2" Partition (1-hr),Level 1,63.02,0.016,1.0004
Gypsum Wall Board,Interior - 5 1/2" Partition (1-hr),Level 1,62.82,0.016,0.9972
Metal Stud Layer,Interior - 5 1/2" Partition (1-hr),Level 1,62.82,0.092,5.784
Gypsum Wall Board,Interior - 5 1/2" Partition (1-hr),Level 1,62.82,0.016,0.9972
Gypsum Wall Board,Interior - 5 1/2" Partition (1-hr),Level 1,62.82,0.016,0.9972
Gypsum Wall Board,Interior - 5 1/2" Partition (1-hr),Level 1,58.59,0.016,0.9301
Metal Stud Layer,Interior - 5 1/2" Partition (1-hr),Level 1,58.59,0.092,5.3947
Gypsum Wall Board,Interior - 5 1/2" Partition (1-hr),Level 1,58.59,0.016,0.9301
Gypsum Wall Board,Interior - 5 1/2" Partition (1-hr),Level 1,58.59,0.016,0.9301
Gypsum Wall Board,Interior - 5 1/2" Partition (1-hr),Level 1,68.78,0.016,1.0919
Metal Stud Layer,Interior - 5 1/2" Partition (1-hr),Level 1,68.78,0.092,6.3328
Gypsum Wall Board,Interior - 5 1/2" Partition (1-hr),Level 1,68.78,0.016,1.0919
Gypsum Wall Board,Interior - 5 1/2" Partition (1-hr),Level 1,68.78,0.016,1.0919
Gypsum Wall Board,Interior - 5 1/2" Partition (1-hr),Level 1,26.32,0.016,0.4178
Metal Stud Layer,Interior - 5 1/2" Partition (1-hr),Level 1,26.32,0.092,2.4232
Gypsum Wall Board,Interior - 5 1/2" Partition (1-hr),Level 1,26.32,0.016,0.4178
Gypsum Wall Board,Interior - 5 1/2" Partition (1-hr),Level 1,26.32,0.016,0.4178
Gypsum Wall Board,Interior - 5 1/2" Partition (1-hr),Level 1,25.08,0.016,0.3982
Metal Stud Layer,Interior - 5 1/2" Partition (1-hr),Level 1,25.08,0.092,2.3096
Gypsum Wall Board,Interior - 5 1/2" Partition (1-hr),Level 1,25.08,0.016,0.3982
Gypsum Wall Board,Interior - 5 1/2" Partition (1-hr),Level 1,25.08,0.016,0.3982
Gypsum Wall Board,Interior - 5 1/2" Partition (1-hr),Level 1,26.11,0.016,0.4145
Metal Stud Layer,Interior - 5 1/2" Partition (1-hr),Level 1,26.11,0.092,2.4038
Gypsum Wall Board,Interior - 5 1/2" Partition (1-hr),Level 1,26.11,0.016,0.4145
Gypsum Wall Board,Interior - 5 1/2" Partition (1-hr),Level 1,26.11,0.016,0.4145
Gypsum Wall Board,Interior - 5 1/2" Partition (1-hr),Level 1,24.45,0.016,0.3881
Metal Stud Layer,Interior - 5 1/2" Partition (1-hr),Level 1,24.45,0.092,2.2508
Gypsum Wall Board,Interior - 5 1/2" Partition (1-hr),Level 1,24.45,0.016,0.3881
Gypsum Wall Board,Interior - 5 1/2" Partition (1-hr),Level 1,24.45,0.016,0.3881
Gypsum Wall Board,Interior - 5 1/2" Partition (1-hr),Level 1,26.11,0.016,0.4145
Metal Stud Layer,Interior - 5 1/2" Partition (1-hr),Level 1,26.11,0.092,2.4038
Gypsum Wall Board,Interior - 5 1/2" Partition (1-hr),Level 1,26.11,0.016,0.4145
Gypsum Wall Board,Interior - 5 1/2" Partition (1-hr),Level 1,26.11,0.016,0.4145
Gypsum Wall Board,Interior - 5 1/2" Partition (1-hr),Level 1,26.11,0.016,0.4145
Metal Stud Layer,Interior - 5 1/2" Partition (1-hr),Level 1,26.11,0.092,2.4038
Gypsum Wall Board,Interior - 5 1/2" Partition (1-hr),Level 1,26.11,0.016,0.4145
Gypsum Wall Board,Interior - 5 1/2" Partition (1-hr),Level 1,26.11,0.016,0.4145
Gypsum Wall Board,Interior - 5 1/2" Partition (1-hr),Level 2,30.17,0.016,0.479
Metal Stud Layer,Interior - 5 1/2" Partition (1-hr),Level 2,30.17,0.092,2.7781
Gypsum Wall Board,Interior - 5 1/2" Partition (1-hr),Level 2,30.17,0.016,0.479
Gypsum Wall Board,Interior - 5 1/2" Partition (1-hr),Level 2,30.17,0.016,0.479
Gypsum Wall Board,Interior - 5 1/2" Partition (1-hr),Level 2,96.93,0.016,1.5387
Metal Stud Layer,Interior - 5 1/2" Partition (1-hr),Level 2,96.93,0.092,8.9246
Gypsum Wall Board,Interior - 5 1/2" Partition (1-hr),Level 2,96.93,0.016,1.5387
Gypsum Wall Board,Interior - 5 1/2" Partition (1-hr),Level 2,96.93,0.016,1.5387
Gypsum Wall Board,Interior - 5 1/2" Partition (1-hr),Level 2,62.96,0.016,0.9995
Metal Stud Layer,Interior - 5 1/2" Partition (1-hr),Level 2,62.96,0.092,5.7971
Gypsum Wall Board,Interior - 5 1/2" Partition (1-hr),Level 2,62.96,0.016,0.9995
Gypsum Wall Board,Interior - 5 1/2" Partition (1-hr),Level 2,62.96,0.016,0.9995
Gypsum Wall Board,Interior - 5 1/2" Partition (1-hr),Level 2,62.82,0.016,0.9972
Metal Stud Layer,Interior - 5 1/2" Partition (1-hr),Level 2,62.82,0.092,5.784
Gypsum Wall Board,Interior - 5 1/2" Partition (1-hr),Level 2,62.82,0.016,0.9972
Gypsum Wall Board,Interior - 5 1/2" Partition (1-hr),Level 2,62.82,0.016,0.9972
Gypsum Wall Board,Interior - 5 1/2" Partition (1-hr),Level 2,58.59,0.016,0.9301
Metal Stud Layer,Interior - 5 1/2" Partition (1-hr),Level 2,58.59,0.092,5.3947
Gypsum Wall Board,Interior - 5 1/2" Partition (1-hr),Level 2,58.59,0.016,0.9301
Gypsum Wall Board,Interior - 5 1/2" Partition (1-hr),Level 2,58.59,0.016,0.9301
Gypsum Wall Board,Interior - 5 1/2" Partition (1-hr),Level 2,68.78,0.016,1.0919
Metal Stud Layer,Interior - 5 1/2" Partition (1-hr),Level 2,68.78,0.092,6.3328
Gypsum Wall Board,Interior - 5 1/2" Partition (1-hr),Level 2,68.78,0.016,1.0919
Gypsum Wall Board,Interior - 5 1/2" Partition (1-hr),Level 2,68.78,0.016,1.0919
Gypsum Wall Board,Interior - 5 1/2" Partition (1-hr),Level 2,25.08,0.016,0.3982
Metal Stud Layer,Interior - 5 1/2" Partition (1-hr),Level 2,25.08,0.092,2.3096
Gypsum Wall Board,Interior - 5 1/2" Partition (1-hr),Level 2,25.08,0.016,0.3982
Gypsum Wall Board,Interior - 5 1/2" Partition (1-hr),Level 2,25.08,0.016,0.3982
Gypsum Wall Board,Interior - 5 1/2" Partition (1-hr),Level 2,26.11,0.016,0.4145
Metal Stud Layer,Interior - 5 1/2" Partition (1-hr),Level 2,26.11,0.092,2.4038
Gypsum Wall Board,Interior - 5 1/2" Partition (1-hr),Level 2,26.11,0.016,0.4145
Gypsum Wall Board,Interior - 5 1/2" Partition (1-hr),Level 2,26.11,0.016,0.4145
Gypsum Wall Board,Interior - 5 1/2" Partition (1-hr),Level 2,24.45,0.016,0.3881
Metal Stud Layer,Interior - 5 1/2" Partition (1-hr),Level 2,24.45,0.092,2.2508
Gypsum Wall Board,Interior - 5 1/2" Partition (1-hr),Level 2,24.45,0.016,0.3881
Gypsum Wall Board,Interior - 5 1/2" Partition (1-hr),Level 2,24.45,0.016,0.3881
Gypsum Wall Board,Interior - 5 1/2" Partition (1-hr),Level 2,26.11,0.016,0.4145
Metal Stud Layer,Interior - 5 1/2" Partition (1-hr),Level 2,26.11,0.092,2.4038
Gypsum Wall Board,Interior - 5 1/2" Partition (1-hr),Level 2,26.11,0.016,0.4145
Gypsum Wall Board,Interior - 5 1/2" Partition (1-hr),Level 2,26.11,0.016,0.4145
Gypsum Wall Board,Interior - 5 1/2" Partition (1-hr),Level 2,26.11,0.016,0.4145
Metal Stud Layer,Interior - 5 1/2" Partition (1-hr),Level 2,26.11,0.092,2.4038
Gypsum Wall Board,Interior - 5 1/2" Partition (1-hr),Level 2,26.11,0.016,0.4145
Gypsum Wall Board,Interior - 5 1/2" Partition (1-hr),Level 2,26.11,0.016,0.4145
Gypsum Wall Board,Interior - 5 1/2" Partition (1-hr),Level 3,30.17,0.016,0.479
Metal Stud Layer,Interior - 5 1/2" Partition (1-hr),Level 3,30.17,0.092,2.7781
Gypsum Wall Board,Interior - 5 1/2" Partition (1-hr),Level 3,30.17,0.016,0.479
Gypsum Wall Board,Interior - 5 1/2" Partition (1-hr),Level 3,30.17,0.016,0.479
Gypsum Wall Board,Interior - 5 1/2" Partition (1-hr),Level 3,96.93,0.016,1.5387
Metal Stud Layer,Interior - 5 1/2" Partition (1-hr),Level 3,96.93,0.092,8.9246
Gypsum Wall Board,Interior - 5 1/2" Partition (1-hr),Level 3,96.93,0.016,1.5387
Gypsum Wall Board,Interior - 5 1/2" Partition (1-hr),Level 3,96.93,0.016,1.5387
Gypsum Wall Board,Interior - 5 1/2" Partition (1-hr),Level 3,62.96,0.016,0.9995
Metal Stud Layer,Interior - 5 1/2" Partition (1-hr),Level 3,62.96,0.092,5.7971
Gypsum Wall Board,Interior - 5 1/2" Partition (1-hr),Level 3,62.96,0.016,0.9995
Gypsum Wall Board,Interior - 5 1/2" Partition (1-hr),Level 3,62.96,0.016,0.9995
Gypsum Wall Board,Interior - 5 1/2" Partition (1-hr),Level 3,62.82,0.016,0.9972
Metal Stud Layer,Interior - 5 1/2" Partition (1-hr),Level 3,62.82,0.092,5.784
Gypsum Wall Board,Interior - 5 1/2" Partition (1-hr),Level 3,62.82,0.016,0.9972
Gypsum Wall Board,Interior - 5 1/2" Partition (1-hr),Level 3,62.82,0.016,0.9972
Gypsum Wall Board,Interior - 5 1/2" Partition (1-hr),Level 3,58.59,0.016,0.9301
Metal Stud Layer,Interior - 5 1/2" Partition (1-hr),Level 3,58.59,0.092,5.3947
Gypsum Wall Board,Interior - 5 1/2" Partition (1-hr),Level 3,58.59,0.016,0.9301
Gypsum Wall Board,Interior - 5 1/2" Partition (1-hr),Level 3,58.59,0.016,0.9301
Gypsum Wall Board,Interior - 5 1/2" Partition (1-hr),Level 3,68.78,0.016,1.0919
Metal Stud Layer,Interior - 5 1/2" Partition (1-hr),Level 3,68.78,0.092,6.3328
Gypsum Wall Board,Interior - 5 1/2" Partition (1-hr),Level 3,68.78,0.016,1.0919
Gypsum Wall Board,Interior - 5 1/2" Partition (1-hr),Level 3,68.78,0.016,1.0919
Gypsum Wall Board,Interior - 5 1/2" Partition (1-hr),Level 3,25.08,0.016,0.3982
Metal Stud Layer,Interior - 5 1/2" Partition (1-hr),Level 3,25.08,0.092,2.3096
Gypsum Wall Board,Interior - 5 1/2" Partition (1-hr),Level 3,25.08,0.016,0.3982
Gypsum Wall Board,Interior - 5 1/2" Partition (1-hr),Level 3,25.08,0.016,0.3982
Gypsum Wall Board,Interior - 5 1/2" Partition (1-hr),Level 3,26.11,0.016,0.4145
Metal Stud Layer,Interior - 5 1/2" Partition (1-hr),Level 3,26.11,0.092,2.4038
Gypsum Wall Board,Interior - 5 1/2" Partition (1-hr),Level 3,26.11,0.016,0.4145
Gypsum Wall Board,Interior - 5 1/2" Partition (1-hr),Level 3,26.11,0.016,0.4145
Gypsum Wall Board,Interior - 5 1/2" Partition (1-hr),Level 3,24.45,0.016,0.3881
Metal Stud Layer,Interior - 5 1/2" Partition (1-hr),Level 3,24.45,0.092,2.2508
Gypsum Wall Board,Interior - 5 1/2" Partition (1-hr),Level 3,24.45,0.016,0.3881
Gypsum Wall Board,Interior - 5 1/2" Partition (1-hr),Level 3,24.45,0.016,0.3881
Gypsum Wall Board,Interior - 5 1/2" Partition (1-hr),Level 3,26.11,0.016,0.4145
Metal Stud Layer,Interior - 5 1/2" Partition (1-hr),Level 3,26.11,0.092,2.4038
Gypsum Wall Board,Interior - 5 1/2" Partition (1-hr),Level 3,26.11,0.016,0.4145
Gypsum Wall Board,Interior - 5 1/2" Partition (1-hr),Level 3,26.11,0.016,0.4145
Gypsum Wall Board,Interior - 5 1/2" Partition (1-hr),Level 3,26.11,0.016,0.4145
Metal Stud Layer,Interior - 5 1/2" Partition (1-hr),Level 3,26.11,0.092,2.4038
Gypsum Wall Board,Interior - 5 1/2" Partition (1-hr),Level 3,26.11,0.016,0.4145
Gypsum Wall Board,Interior - 5 1/2" Partition (1-hr),Level 3,26.11,0.016,0.4145
Gypsum Wall Board,Interior - 5 1/2" Partition (1-hr),Level 4,30.17,0.016,0.479
Metal Stud Layer,Interior - 5 1/2" Partition (1-hr),Level 4,30.17,0.092,2.7781
Gypsum Wall Board,Interior - 5 1/2" Partition (1-hr),Level 4,30.17,0.016,0.479
Gypsum Wall Board,Interior - 5 1/2" Partition (1-hr),Level 4,30.17,0.016,0.479
Gypsum Wall Board,Interior - 5 1/2" Partition (1-hr),Level 4,96.93,0.016,1.5387
Metal Stud Layer,Interior - 5 1/2" Partition (1-hr),Level 4,96.93,0.092,8.9246
Gypsum Wall Board,Interior - 5 1/2" Partition (1-hr),Level 4,96.93,0.016,1.5387
Gypsum Wall Board,Interior - 5 1/2" Partition (1-hr),Level 4,96.93,0.016,1.5387
Gypsum Wall Board,Interior - 5 1/2" Partition (1-hr),Level 4,62.96,0.016,0.9995
Metal Stud Layer,Interior - 5 1/2" Partition (1-hr),Level 4,62.96,0.092,5.7971
Gypsum Wall Board,Interior - 5 1/2" Partition (1-hr),Level 4,62.96,0.016,0.9995
Gypsum Wall Board,Interior - 5 1/2" Partition (1-hr),Level 4,62.96,0.016,0.9995
Gypsum Wall Board,Interior - 5 1/2" Partition (1-hr),Level 4,62.82,0.016,0.9972
Metal Stud Layer,Interior - 5 1/2" Partition (1-hr),Level 4,62.82,0.092,5.784
Gypsum Wall Board,Interior - 5 1/2" Partition (1-hr),Level 4,62.82,0.016,0.9972
Gypsum Wall Board,Interior - 5 1/2" Partition (1-hr),Level 4,62.82,0.016,0.9972
Gypsum Wall Board,Interior - 5 1/2" Partition (1-hr),Level 4,58.59,0.016,0.9301
Metal Stud Layer,Interior - 5 1/2" Partition (1-hr),Level 4,58.59,0.092,5.3947
Gypsum Wall Board,Interior - 5 1/2" Partition (1-hr),Level 4,58.59,0.016,0.9301
Gypsum Wall Board,Interior - 5 1/2" Partition (1-hr),Level 4,58.59,0.016,0.9301
Gypsum Wall Board,Interior - 5 1/2" Partition (1-hr),Level 4,68.78,0.016,1.0919
Metal Stud Layer,Interior - 5 1/2" Partition (1-hr),Level 4,68.78,0.092,6.3328
Gypsum Wall Board,Interior - 5 1/2" Partition (1-hr),Level 4,68.78,0.016,1.0919
Gypsum Wall Board,Interior - 5 1/2" Partition (1-hr),Level 4,68.78,0.016,1.0919
Gypsum Wall Board,Interior - 5 1/2" Partition (1-hr),Level 4,25.08,0.016,0.3982
Metal Stud Layer,Interior - 5 1/2" Partition (1-hr),Level 4,25.08,0.092,2.3096
Gypsum Wall Board,Interior - 5 1/2" Partition (1-hr),Level 4,25.08,0.016,0.3982
Gypsum Wall Board,Interior - 5 1/2" Partition (1-hr),Level 4,25.08,0.016,0.3982
Gypsum Wall Board,Interior - 5 1/2" Partition (1-hr),Level 4,26.11,0.016,0.4145
Metal Stud Layer,Interior - 5 1/2" Partition (1-hr),Level 4,26.11,0.092,2.4038
Gypsum Wall Board,Interior - 5 1/2" Partition (1-hr),Level 4,26.11,0.016,0.4145
Gypsum Wall Board,Interior - 5 1/2" Partition (1-hr),Level 4,26.11,0.016,0.4145
Gypsum Wall Board,Interior - 5 1/2" Partition (1-hr),Level 4,24.45,0.016,0.3881
Metal Stud Layer,Interior - 5 1/2" Partition (1-hr),Level 4,24.45,0.092,2.2508
Gypsum Wall Board,Interior - 5 1/2" Partition (1-hr),Level 4,24.45,0.016,0.3881
Gypsum Wall Board,Interior - 5 1/2" Partition (1-hr),Level 4,24.45,0.016,0.3881
Gypsum Wall Board,Interior - 5 1/2" Partition (1-hr),Level 4,26.11,0.016,0.4145
Metal Stud Layer,Interior - 5 1/2" Partition (1-hr),Level 4,26.11,0.092,2.4038
Gypsum Wall Board,Interior - 5 1/2" Partition (1-hr),Level 4,26.11,0.016,0.4145
Gypsum Wall Board,Interior - 5 1/2" Partition (1-hr),Level 4,26.11,0.016,0.4145
Gypsum Wall Board,Interior - 5 1/2" Partition (1-hr),Level 4,26.11,0.016,0.4145
Metal Stud Layer,Interior - 5 1/2" Partition (1-hr),Level 4,26.11,0.092,2.4038
Gypsum Wall Board,Interior - 5 1/2" Partition (1-hr),Level 4,26.11,0.016,0.4145
Gypsum Wall Board,Interior - 5 1/2" Partition (1-hr),Level 4,26.11,0.016,0.4145
Gypsum Wall Board,Interior - 5 1/2" Partition (1-hr),Level 5,96.93,0.016,1.5387
Metal Stud Layer,Interior - 5 1/2" Partition (1-hr),Level 5,96.93,0.092,8.9246
Gypsum Wall Board,Interior - 5 1/2" Partition (1-hr),Level 5,96.93,0.016,1.5387
Gypsum Wall Board,Interior - 5 1/2" Partition (1-hr),Level 5,96.93,0.016,1.5387
Gypsum Wall Board,Interior - 5 1/2" Partition (1-hr),Level 5,62.96,0.016,0.9995
Metal Stud Layer,Interior - 5 1/2" Partition (1-hr),Level 5,62.96,0.092,5.7971
Gypsum Wall Board,Interior - 5 1/2" Partition (1-hr),Level 5,62.96,0.016,0.9995
Gypsum Wall Board,Interior - 5 1/2" Partition (1-hr),Level 5,62.96,0.016,0.9995
Gypsum Wall Board,Interior - 5 1/2" Partition (1-hr),Level 5,62.82,0.016,0.9972
Metal Stud Layer,Interior - 5 1/2" Partition (1-hr),Level 5,62.82,0.092,5.784
Gypsum Wall Board,Interior - 5 1/2" Partition (1-hr),Level 5,62.82,0.016,0.9972
Gypsum Wall Board,Interior - 5 1/2" Partition (1-hr),Level 5,62.82,0.016,0.9972
Gypsum Wall Board,Interior - 5 1/2" Partition (1-hr),Level 5,58.59,0.016,0.9301
Metal Stud Layer,Interior - 5 1/2" Partition (1-hr),Level 5,58.59,0.092,5.3947
Gypsum Wall Board,Interior - 5 1/2" Partition (1-hr),Level 5,58.59,0.016,0.9301
Gypsum Wall Board,Interior - 5 1/2" Partition (1-hr),Level 5,58.59,0.016,0.9301
Gypsum Wall Board,Interior - 5 1/2" Partition (1-hr),Level 5,68.78,0.016,1.0919
Metal Stud Layer,Interior - 5 1/2" Partition (1-hr),Level 5,68.78,0.092,6.3328
Gypsum Wall Board,Interior - 5 1/2" Partition (1-hr),Level 5,68.78,0.016,1.0919
Gypsum Wall Board,Interior - 5 1/2" Partition (1-hr),Level 5,68.78,0.016,1.0919
Gypsum Wall Board,Interior - 5 1/2" Partition (1-hr),Level 5,25.08,0.016,0.3982
Metal Stud Layer,Interior - 5 1/2" Partition (1-hr),Level 5,25.08,0.092,2.3096
Gypsum Wall Board,Interior - 5 1/2" Partition (1-hr),Level 5,25.08,0.016,0.3982
Gypsum Wall Board,Interior - 5 1/2" Partition (1-hr),Level 5,25.08,0.016,0.3982
Gypsum Wall Board,Interior - 5 1/2" Partition (1-hr),Level 5,26.11,0.016,0.4145
Metal Stud Layer,Interior - 5 1/2" Partition (1-hr),Level 5,26.11,0.092,2.4038
Gypsum Wall Board,Interior - 5 1/2" Partition (1-hr),Level 5,26.11,0.016,0.4145
Gypsum Wall Board,Interior - 5 1/2" Partition (1-hr),Level 5,26.11,0.016,0.4145
Gypsum Wall Board,Interior - 5 1/2" Partition (1-hr),Level 5,24.45,0.016,0.3881
Metal Stud Layer,Interior - 5 1/2" Partition (1-hr),Level 5,24.45,0.092,2.2508
Gypsum Wall Board,Interior - 5 1/2" Partition (1-hr),Level 5,24.45,0.016,0.3881
Gypsum Wall Board,Interior - 5 1/2" Partition (1-hr),Level 5,24.45,0.016,0.3881
Gypsum Wall Board,Interior - 5 1/2" Partition (1-hr),Level 5,26.11,0.016,0.4145
Metal Stud Layer,Interior - 5 1/2" Partition (1-hr),Level 5,26.11,0.092,2.4038
Gypsum Wall Board,Interior - 5 1/2" Partition (1-hr),Level 5,26.11,0.016,0.4145
Gypsum Wall Board,Interior - 5 1/2" Partition (1-hr),Level 5,26.11,0.016,0.4145
Gypsum Wall Board,Interior - 5 1/2" Partition (1-hr),Level 5,26.11,0.016,0.4145
Metal Stud Layer,Interior - 5 1/2" Partition (1-hr),Level 5,26.11,0.092,2.4038
Gypsum Wall Board,Interior - 5 1/2" Partition (1-hr),Level 5,26.11,0.016,0.4145
Gypsum Wall Board,Interior - 5 1/2" Partition (1-hr),Level 5,26.11,0.016,0.4145
Gypsum Wall Board,Interior - 5 1/2" Partition (1-hr),Level 1,26.32,0.016,0.4178
Metal Stud Layer,Interior - 5 1/2" Partition (1-hr),Level 1,26.32,0.092,2.4232
Gypsum Wall Board,Interior - 5 1/2" Partition (1-hr),Level 1,26.32,0.016,0.4178
Gypsum Wall Board,Interior - 5 1/2" Partition (1-hr),Level 1,26.32,0.016,0.4178
Gypsum Wall Board,Interior - 5 1/2" Partition (1-hr),Level 1,22.81,0.016,0.3621
Metal Stud Layer,Interior - 5 1/2" Partition (1-hr),Level 1,22.81,0.092,2.1001
Gypsum Wall Board,Interior - 5 1/2" Partition (1-hr),Level 1,22.81,0.016,0.3621
Gypsum Wall Board,Interior - 5 1/2" Partition (1-hr),Level 1,22.81,0.016,0.3621
Gypsum Wall Board,Interior - 5 1/2" Partition (1-hr),Level 1,20.5,0.016,0.3254
Metal Stud Layer,Interior - 5 1/2" Partition (1-hr),Level 1,20.5,0.092,1.8872
Gypsum Wall Board,Interior - 5 1/2" Partition (1-hr),Level 1,20.5,0.016,0.3254
Gypsum Wall Board,Interior - 5 1/2" Partition (1-hr),Level 1,20.5,0.016,0.3254
Gypsum Wall Board,Interior - 3 1/8" Partition (1-hr),Level 1,2.33,0.013,0.0296
Gypsum Wall Board,Interior - 3 1/8" Partition (1-hr),Level 1,2.33,0.006,0.0148
Metal Stud Layer,Interior - 3 1/8" Partition (1-hr),Level 1,2.33,0.041,0.0963
Gypsum Wall Board,Interior - 3 1/8" Partition (1-hr),Level 1,2.33,0.006,0.0148
Gypsum Wall Board,Interior - 3 1/8" Partition (1-hr),Level 1,2.33,0.013,0.0296
Gypsum Wall Board,Interior - 3 1/8" Partition (1-hr),Level 1,2.33,0.013,0.0296
Gypsum Wall Board,Interior - 3 1/8" Partition (1-hr),Level 1,2.33,0.006,0.0148
Metal Stud Layer,Interior - 3 1/8" Partition (1-hr),Level 1,2.33,0.041,0.0963
Gypsum Wall Board,Interior - 3 1/8" Partition (1-hr),Level 1,2.33,0.006,0.0148
Gypsum Wall Board,Interior - 3 1/8" Partition (1-hr),Level 1,2.33,0.013,0.0296
Gypsum Wall Board,Interior - 3 1/8" Partition (1-hr),Level 1,2.33,0.013,0.0296
Gypsum Wall Board,Interior - 3 1/8" Partition (1-hr),Level 1,2.33,0.006,0.0148
Metal Stud Layer,Interior - 3 1/8" Partition (1-hr),Level 1,2.33,0.041,0.0963
Gypsum Wall Board,Interior - 3 1/8" Partition (1-hr),Level 1,2.33,0.006,0.0148
Gypsum Wall Board,Interior - 3 1/8" Partition (1-hr),Level 1,2.33,0.013,0.0296
Gypsum Wall Board,Interior - 3 1/8" Partition (1-hr),Level 1,2.53,0.013,0.0321
Gypsum Wall Board,Interior - 3 1/8" Partition (1-hr),Level 1,2.53,0.006,0.0161
Metal Stud Layer,Interior - 3 1/8" Partition (1-hr),Level 1,2.53,0.041,0.1043
Gypsum Wall Board,Interior - 3 1/8" Partition (1-hr),Level 1,2.53,0.006,0.0161
Gypsum Wall Board,Interior - 3 1/8" Partition (1-hr),Level 1,2.53,0.013,0.0321
Gypsum Wall Board,Interior - 3 1/8" Partition (1-hr),Level 1,2.46,0.013,0.0312
Gypsum Wall Board,Interior - 3 1/8" Partition (1-hr),Level 1,2.46,0.006,0.0156
Metal Stud Layer,Interior - 3 1/8" Partition (1-hr),Level 1,2.46,0.041,0.1015
Gypsum Wall Board,Interior - 3 1/8" Partition (1-hr),Level 1,2.46,0.006,0.0156
Gypsum Wall Board,Interior - 3 1/8" Partition (1-hr),Level 1,2.46,0.013,0.0312
Gypsum Wall Board,Interior - 3 1/8" Partition (1-hr),Level 1,2.37,0.013,0.0301
Gypsum Wall Board,Interior - 3 1/8" Partition (1-hr),Level 1,2.37,0.006,0.0151
Metal Stud Layer,Interior - 3 1/8" Partition (1-hr),Level 1,2.37,0.041,0.0979
Gypsum Wall Board,Interior - 3 1/8" Partition (1-hr),Level 1,2.37,0.006,0.0151
Gypsum Wall Board,Interior - 3 1/8" Partition (1-hr),Level 1,2.37,0.013,0.0301
Gypsum Wall Board,Interior - 3 1/8" Partition (1-hr),Level 1,2.37,0.013,0.0301
Gypsum Wall Board,Interior - 3 1/8" Partition (1-hr),Level 1,2.37,0.006,0.0151
Metal Stud Layer,Interior - 3 1/8" Partition (1-hr),Level 1,2.37,0.041,0.0979
Gypsum Wall Board,Interior - 3 1/8" Partition (1-hr),Level 1,2.37,0.006,0.0151
Gypsum Wall Board,Interior - 3 1/8" Partition (1-hr),Level 1,2.37,0.013,0.0301
Gypsum Wall Board,Interior - 3 1/8" Partition (1-hr),Level 1,2.37,0.013,0.0301
Gypsum Wall Board,Interior - 3 1/8" Partition (1-hr),Level 1,2.37,0.006,0.0151
Metal Stud Layer,Interior - 3 1/8" Partition (1-hr),Level 1,2.37,0.041,0.0979
Gypsum Wall Board,Interior - 3 1/8" Partition (1-hr),Level 1,2.37,0.006,0.0151
Gypsum Wall Board,Interior - 3 1/8" Partition (1-hr),Level 1,2.37,0.013,0.0301
Gypsum Wall Board,Interior - 3 1/8" Partition (1-hr),Level 1,2.37,0.013,0.0301
Gypsum Wall Board,Interior - 3 1/8" Partition (1-hr),Level 1,2.37,0.006,0.0151
Metal Stud Layer,Interior - 3 1/8" Partition (1-hr),Level 1,2.37,0.041,0.0979
Gypsum Wall Board,Interior - 3 1/8" Partition (1-hr),Level 1,2.37,0.006,0.0151
Gypsum Wall Board,Interior - 3 1/8" Partition (1-hr),Level 1,2.37,0.013,0.0301
Gypsum Wall Board,Interior - 3 1/8" Partition (1-hr),Level 1,3.07,0.013,0.039
Gypsum Wall Board,Interior - 3 1/8" Partition (1-hr),Level 1,3.07,0.006,0.0195
Metal Stud Layer,Interior - 3 1/8" Partition (1-hr),Level 1,3.07,0.041,0.1267
Gypsum Wall Board,Interior - 3 1/8" Partition (1-hr),Level 1,3.07,0.006,0.0195
Gypsum Wall Board,Interior - 3 1/8" Partition (1-hr),Level 1,3.07,0.013,0.039
Gypsum Wall Board,Interior - 3 1/8" Partition (1-hr),Level 1,2.57,0.013,0.0326
Gypsum Wall Board,Interior - 3 1/8" Partition (1-hr),Level 1,2.57,0.006,0.0163
Metal Stud Layer,Interior - 3 1/8" Partition (1-hr),Level 1,2.57,0.041,0.1059
Gypsum Wall Board,Interior - 3 1/8" Partition (1-hr),Level 1,2.57,0.006,0.0163
Gypsum Wall Board,Interior - 3 1/8" Partition (1-hr),Level 1,2.57,0.013,0.0326
Gypsum Wall Board,Interior - 3 1/8" Partition (1-hr),Level 1,1.11,0.013,0.0142
Gypsum Wall Board,Interior - 3 1/8" Partition (1-hr),Level 1,1.11,0.006,0.0071
Metal Stud Layer,Interior - 3 1/8" Partition (1-hr),Level 1,1.11,0.041,0.046
Gypsum Wall Board,Interior - 3 1/8" Partition (1-hr),Level 1,1.11,0.006,0.0071
Gypsum Wall Board,Interior - 3 1/8" Partition (1-hr),Level 1,1.11,0.013,0.0142
Gypsum Wall Board,Interior - 3 1/8" Partition (1-hr),Level 1,1.11,0.013,0.0142
Gypsum Wall Board,Interior - 3 1/8" Partition (1-hr),Level 1,1.11,0.006,0.0071
Metal Stud Layer,Interior - 3 1/8" Partition (1-hr),Level 1,1.11,0.041,0.046
Gypsum Wall Board,Interior - 3 1/8" Partition (1-hr),Level 1,1.11,0.006,0.0071
Gypsum Wall Board,Interior - 3 1/8" Partition (1-hr),Level 1,1.11,0.013,0.0142
Gypsum Wall Board,Interior - 5 1/2" Partition (1-hr),Level 2,30.17,0.016,0.479
Metal Stud Layer,Interior - 5 1/2" Partition (1-hr),Level 2,30.17,0.092,2.7781
Gypsum Wall Board,Interior - 5 1/2" Partition (1-hr),Level 2,30.17,0.016,0.479
Gypsum Wall Board,Interior - 5 1/2" Partition (1-hr),Level 2,30.17,0.016,0.479
Gypsum Wall Board,Interior - 5 1/2" Partition (1-hr),Level 2,26.26,0.016,0.4169
Metal Stud Layer,Interior - 5 1/2" Partition (1-hr),Level 2,26.26,0.092,2.4179
Gypsum Wall Board,Interior - 5 1/2" Partition (1-hr),Level 2,26.26,0.016,0.4169
Gypsum Wall Board,Interior - 5 1/2" Partition (1-hr),Level 2,26.26,0.016,0.4169
Gypsum Wall Board,Interior - 5 1/2" Partition (1-hr),Level 2,26.26,0.016,0.4169
Metal Stud Layer,Interior - 5 1/2" Partition (1-hr),Level 2,26.26,0.092,2.4179
Gypsum Wall Board,Interior - 5 1/2" Partition (1-hr),Level 2,26.26,0.016,0.4169
Gypsum Wall Board,Interior - 5 1/2" Partition (1-hr),Level 2,26.26,0.016,0.4169
Gypsum Wall Board,Interior - 5 1/2" Partition (1-hr),Level 2,22.75,0.016,0.3612
Metal Stud Layer,Interior - 5 1/2" Partition (1-hr),Level 2,22.75,0.092,2.0947
Gypsum Wall Board,Interior - 5 1/2" Partition (1-hr),Level 2,22.75,0.016,0.3612
Gypsum Wall Board,Interior - 5 1/2" Partition (1-hr),Level 2,22.75,0.016,0.3612
Gypsum Wall Board,Interior - 5 1/2" Partition (1-hr),Level 2,20.5,0.016,0.3254
Metal Stud Layer,Interior - 5 1/2" Partition (1-hr),Level 2,20.5,0.092,1.8872
Gypsum Wall Board,Interior - 5 1/2" Partition (1-hr),Level 2,20.5,0.016,0.3254
Gypsum Wall Board,Interior - 5 1/2" Partition (1-hr),Level 2,20.5,0.016,0.3254
Gypsum Wall Board,Interior - 3 1/8" Partition (1-hr),Level 2,2.33,0.013,0.0296
Gypsum Wall Board,Interior - 3 1/8" Partition (1-hr),Level 2,2.33,0.006,0.0148
Metal Stud Layer,Interior - 3 1/8" Partition (1-hr),Level 2,2.33,0.041,0.0963
Gypsum Wall Board,Interior - 3 1/8" Partition (1-hr),Level 2,2.33,0.006,0.0148
Gypsum Wall Board,Interior - 3 1/8" Partition (1-hr),Level 2,2.33,0.013,0.0296
Gypsum Wall Board,Interior - 3 1/8" Partition (1-hr),Level 2,2.33,0.013,0.0296
Gypsum Wall Board,Interior - 3 1/8" Partition (1-hr),Level 2,2.33,0.006,0.0148
Metal Stud Layer,Interior - 3 1/8" Partition (1-hr),Level 2,2.33,0.041,0.0963
Gypsum Wall Board,Interior - 3 1/8" Partition (1-hr),Level 2,2.33,0.006,0.0148
Gypsum Wall Board,Interior - 3 1/8" Partition (1-hr),Level 2,2.33,0.013,0.0296
Gypsum Wall Board,Interior - 3 1/8" Partition (1-hr),Level 2,2.33,0.013,0.0296
Gypsum Wall Board,Interior - 3 1/8" Partition (1-hr),Level 2,2.33,0.006,0.0148
Metal Stud Layer,Interior - 3 1/8" Partition (1-hr),Level 2,2.33,0.041,0.0963
Gypsum Wall Board,Interior - 3 1/8" Partition (1-hr),Level 2,2.33,0.006,0.0148
Gypsum Wall Board,Interior - 3 1/8" Partition (1-hr),Level 2,2.33,0.013,0.0296
Gypsum Wall Board,Interior - 3 1/8" Partition (1-hr),Level 2,2.53,0.013,0.0321
Gypsum Wall Board,Interior - 3 1/8" Partition (1-hr),Level 2,2.53,0.006,0.0161
Metal Stud Layer,Interior - 3 1/8" Partition (1-hr),Level 2,2.53,0.041,0.1043
Gypsum Wall Board,Interior - 3 1/8" Partition (1-hr),Level 2,2.53,0.006,0.0161
Gypsum Wall Board,Interior - 3 1/8" Partition (1-hr),Level 2,2.53,0.013,0.0321
Gypsum Wall Board,Interior - 3 1/8" Partition (1-hr),Level 2,2.46,0.013,0.0312
Gypsum Wall Board,Interior - 3 1/8" Partition (1-hr),Level 2,2.46,0.006,0.0156
Metal Stud Layer,Interior - 3 1/8" Partition (1-hr),Level 2,2.46,0.041,0.1015
Gypsum Wall Board,Interior - 3 1/8" Partition (1-hr),Level 2,2.46,0.006,0.0156
Gypsum Wall Board,Interior - 3 1/8" Partition (1-hr),Level 2,2.46,0.013,0.0312
Gypsum Wall Board,Interior - 3 1/8" Partition (1-hr),Level 2,2.37,0.013,0.0301
Gypsum Wall Board,Interior - 3 1/8" Partition (1-hr),Level 2,2.37,0.006,0.0151
Metal Stud Layer,Interior - 3 1/8" Partition (1-hr),Level 2,2.37,0.041,0.0979
Gypsum Wall Board,Interior - 3 1/8" Partition (1-hr),Level 2,2.37,0.006,0.0151
Gypsum Wall Board,Interior - 3 1/8" Partition (1-hr),Level 2,2.37,0.013,0.0301
Gypsum Wall Board,Interior - 3 1/8" Partition (1-hr),Level 2,2.37,0.013,0.0301
Gypsum Wall Board,Interior - 3 1/8" Partition (1-hr),Level 2,2.37,0.006,0.0151
Metal Stud Layer,Interior - 3 1/8" Partition (1-hr),Level 2,2.37,0.041,0.0979
Gypsum Wall Board,Interior - 3 1/8" Partition (1-hr),Level 2,2.37,0.006,0.0151
Gypsum Wall Board,Interior - 3 1/8" Partition (1-hr),Level 2,2.37,0.013,0.0301
Gypsum Wall Board,Interior - 3 1/8" Partition (1-hr),Level 2,2.37,0.013,0.0301
Gypsum Wall Board,Interior - 3 1/8" Partition (1-hr),Level 2,2.37,0.006,0.0151
Metal Stud Layer,Interior - 3 1/8" Partition (1-hr),Level 2,2.37,0.041,0.0979
Gypsum Wall Board,Interior - 3 1/8" Partition (1-hr),Level 2,2.37,0.006,0.0151
Gypsum Wall Board,Interior - 3 1/8" Partition (1-hr),Level 2,2.37,0.013,0.0301
Gypsum Wall Board,Interior - 3 1/8" Partition (1-hr),Level 2,2.37,0.013,0.0301
Gypsum Wall Board,Interior - 3 1/8" Partition (1-hr),Level 2,2.37,0.006,0.0151
Metal Stud Layer,Interior - 3 1/8" Partition (1-hr),Level 2,2.37,0.041,0.0979
Gypsum Wall Board,Interior - 3 1/8" Partition (1-hr),Level 2,2.37,0.006,0.0151
Gypsum Wall Board,Interior - 3 1/8" Partition (1-hr),Level 2,2.37,0.013,0.0301
Gypsum Wall Board,Interior - 3 1/8" Partition (1-hr),Level 2,3.07,0.013,0.039
Gypsum Wall Board,Interior - 3 1/8" Partition (1-hr),Level 2,3.07,0.006,0.0195
Metal Stud Layer,Interior - 3 1/8" Partition (1-hr),Level 2,3.07,0.041,0.1267
Gypsum Wall Board,Interior - 3 1/8" Partition (1-hr),Level 2,3.07,0.006,0.0195
Gypsum Wall Board,Interior - 3 1/8" Partition (1-hr),Level 2,3.07,0.013,0.039
Gypsum Wall Board,Interior - 3 1/8" Partition (1-hr),Level 2,2.57,0.013,0.0326
Gypsum Wall Board,Interior - 3 1/8" Partition (1-hr),Level 2,2.57,0.006,0.0163
Metal Stud Layer,Interior - 3 1/8" Partition (1-hr),Level 2,2.57,0.041,0.1059
Gypsum Wall Board,Interior - 3 1/8" Partition (1-hr),Level 2,2.57,0.006,0.0163
Gypsum Wall Board,Interior - 3 1/8" Partition (1-hr),Level 2,2.57,0.013,0.0326
Gypsum Wall Board,Interior - 3 1/8" Partition (1-hr),Level 2,1.11,0.013,0.0142
Gypsum Wall Board,Interior - 3 1/8" Partition (1-hr),Level 2,1.11,0.006,0.0071
Metal Stud Layer,Interior - 3 1/8" Partition (1-hr),Level 2,1.11,0.041,0.046
Gypsum Wall Board,Interior - 3 1/8" Partition (1-hr),Level 2,1.11,0.006,0.0071
Gypsum Wall Board,Interior - 3 1/8" Partition (1-hr),Level 2,1.11,0.013,0.0142
Gypsum Wall Board,Interior - 3 1/8" Partition (1-hr),Level 2,1.11,0.013,0.0142
Gypsum Wall Board,Interior - 3 1/8" Partition (1-hr),Level 2,1.11,0.006,0.0071
Metal Stud Layer,Interior - 3 1/8" Partition (1-hr),Level 2,1.11,0.041,0.046
Gypsum Wall Board,Interior - 3 1/8" Partition (1-hr),Level 2,1.11,0.006,0.0071
Gypsum Wall Board,Interior - 3 1/8" Partition (1-hr),Level 2,1.11,0.013,0.0142
Gypsum Wall Board,Interior - 5 1/2" Partition (1-hr),Level 3,30.17,0.016,0.479
Metal Stud Layer,Interior - 5 1/2" Partition (1-hr),Level 3,30.17,0.092,2.7781
Gypsum Wall Board,Interior - 5 1/2" Partition (1-hr),Level 3,30.17,0.016,0.479
Gypsum Wall Board,Interior - 5 1/2" Partition (1-hr),Level 3,30.17,0.016,0.479
Gypsum Wall Board,Interior - 5 1/2" Partition (1-hr),Level 3,26.26,0.016,0.4169
Metal Stud Layer,Interior - 5 1/2" Partition (1-hr),Level 3,26.26,0.092,2.4179
Gypsum Wall Board,Interior - 5 1/2" Partition (1-hr),Level 3,26.26,0.016,0.4169
Gypsum Wall Board,Interior - 5 1/2" Partition (1-hr),Level 3,26.26,0.016,0.4169
Gypsum Wall Board,Interior - 5 1/2" Partition (1-hr),Level 3,26.26,0.016,0.4169
Metal Stud Layer,Interior - 5 1/2" Partition (1-hr),Level 3,26.26,0.092,2.4179
Gypsum Wall Board,Interior - 5 1/2" Partition (1-hr),Level 3,26.26,0.016,0.4169
Gypsum Wall Board,Interior - 5 1/2" Partition (1-hr),Level 3,26.26,0.016,0.4169
Gypsum Wall Board,Interior - 5 1/2" Partition (1-hr),Level 3,22.75,0.016,0.3612
Metal Stud Layer,Interior - 5 1/2" Partition (1-hr),Level 3,22.75,0.092,2.0947
Gypsum Wall Board,Interior - 5 1/2" Partition (1-hr),Level 3,22.75,0.016,0.3612
Gypsum Wall Board,Interior - 5 1/2" Partition (1-hr),Level 3,22.75,0.016,0.3612
Gypsum Wall Board,Interior - 5 1/2" Partition (1-hr),Level 3,20.5,0.016,0.3254
Metal Stud Layer,Interior - 5 1/2" Partition (1-hr),Level 3,20.5,0.092,1.8872
Gypsum Wall Board,Interior - 5 1/2" Partition (1-hr),Level 3,20.5,0.016,0.3254
Gypsum Wall Board,Interior - 5 1/2" Partition (1-hr),Level 3,20.5,0.016,0.3254
Gypsum Wall Board,Interior - 3 1/8" Partition (1-hr),Level 3,2.33,0.013,0.0296
Gypsum Wall Board,Interior - 3 1/8" Partition (1-hr),Level 3,2.33,0.006,0.0148
Metal Stud Layer,Interior - 3 1/8" Partition (1-hr),Level 3,2.33,0.041,0.0963
Gypsum Wall Board,Interior - 3 1/8" Partition (1-hr),Level 3,2.33,0.006,0.0148
Gypsum Wall Board,Interior - 3 1/8" Partition (1-hr),Level 3,2.33,0.013,0.0296
Gypsum Wall Board,Interior - 3 1/8" Partition (1-hr),Level 3,2.33,0.013,0.0296
Gypsum Wall Board,Interior - 3 1/8" Partition (1-hr),Level 3,2.33,0.006,0.0148
Metal Stud Layer,Interior - 3 1/8" Partition (1-hr),Level 3,2.33,0.041,0.0963
Gypsum Wall Board,Interior - 3 1/8" Partition (1-hr),Level 3,2.33,0.006,0.0148
Gypsum Wall Board,Interior - 3 1/8" Partition (1-hr),Level 3,2.33,0.013,0.0296
Gypsum Wall Board,Interior - 3 1/8" Partition (1-hr),Level 3,2.33,0.013,0.0296
Gypsum Wall Board,Interior - 3 1/8" Partition (1-hr),Level 3,2.33,0.006,0.0148
Metal Stud Layer,Interior - 3 1/8" Partition (1-hr),Level 3,2.33,0.041,0.0963
Gypsum Wall Board,Interior - 3 1/8" Partition (1-hr),Level 3,2.33,0.006,0.0148
Gypsum Wall Board,Interior - 3 1/8" Partition (1-hr),Level 3,2.33,0.013,0.0296
Gypsum Wall Board,Interior - 3 1/8" Partition (1-hr),Level 3,2.53,0.013,0.0321
Gypsum Wall Board,Interior - 3 1/8" Partition (1-hr),Level 3,2.53,0.006,0.0161
Metal Stud Layer,Interior - 3 1/8" Partition (1-hr),Level 3,2.53,0.041,0.1043
Gypsum Wall Board,Interior - 3 1/8" Partition (1-hr),Level 3,2.53,0.006,0.0161
Gypsum Wall Board,Interior - 3 1/8" Partition (1-hr),Level 3,2.53,0.013,0.0321
Gypsum Wall Board,Interior - 3 1/8" Partition (1-hr),Level 3,2.46,0.013,0.0312
Gypsum Wall Board,Interior - 3 1/8" Partition (1-hr),Level 3,2.46,0.006,0.0156
Metal Stud Layer,Interior - 3 1/8" Partition (1-hr),Level 3,2.46,0.041,0.1015
Gypsum Wall Board,Interior - 3 1/8" Partition (1-hr),Level 3,2.46,0.006,0.0156
Gypsum Wall Board,Interior - 3 1/8" Partition (1-hr),Level 3,2.46,0.013,0.0312
Gypsum Wall Board,Interior - 3 1/8" Partition (1-hr),Level 3,2.37,0.013,0.0301
Gypsum Wall Board,Interior - 3 1/8" Partition (1-hr),Level 3,2.37,0.006,0.0151
Metal Stud Layer,Interior - 3 1/8" Partition (1-hr),Level 3,2.37,0.041,0.0979
Gypsum Wall Board,Interior - 3 1/8" Partition (1-hr),Level 3,2.37,0.006,0.0151
Gypsum Wall Board,Interior - 3 1/8" Partition (1-hr),Level 3,2.37,0.013,0.0301
Gypsum Wall Board,Interior - 3 1/8" Partition (1-hr),Level 3,2.37,0.013,0.0301
Gypsum Wall Board,Interior - 3 1/8" Partition (1-hr),Level 3,2.37,0.006,0.0151
Metal Stud Layer,Interior - 3 1/8" Partition (1-hr),Level 3,2.37,0.041,0.0979
Gypsum Wall Board,Interior - 3 1/8" Partition (1-hr),Level 3,2.37,0.006,0.0151
Gypsum Wall Board,Interior - 3 1/8" Partition (1-hr),Level 3,2.37,0.013,0.0301
Gypsum Wall Board,Interior - 3 1/8" Partition (1-hr),Level 3,2.37,0.013,0.0301
Gypsum Wall Board,Interior - 3 1/8" Partition (1-hr),Level 3,2.37,0.006,0.0151
Metal Stud Layer,Interior - 3 1/8" Partition (1-hr),Level 3,2.37,0.041,0.0979
Gypsum Wall Board,Interior - 3 1/8" Partition (1-hr),Level 3,2.37,0.006,0.0151
Gypsum Wall Board,Interior - 3 1/8" Partition (1-hr),Level 3,2.37,0.013,0.0301
Gypsum Wall Board,Interior - 3 1/8" Partition (1-hr),Level 3,2.37,0.013,0.0301
Gypsum Wall Board,Interior - 3 1/8" Partition (1-hr),Level 3,2.37,0.006,0.0151
Metal Stud Layer,Interior - 3 1/8" Partition (1-hr),Level 3,2.37,0.041,0.0979
Gypsum Wall Board,Interior - 3 1/8" Partition (1-hr),Level 3,2.37,0.006,0.0151
Gypsum Wall Board,Interior - 3 1/8" Partition (1-hr),Level 3,2.37,0.013,0.0301
Gypsum Wall Board,Interior - 3 1/8" Partition (1-hr),Level 3,3.07,0.013,0.039
Gypsum Wall Board,Interior - 3 1/8" Partition (1-hr),Level 3,3.07,0.006,0.0195
Metal Stud Layer,Interior - 3 1/8" Partition (1-hr),Level 3,3.07,0.041,0.1267
Gypsum Wall Board,Interior - 3 1/8" Partition (1-hr),Level 3,3.07,0.006,0.0195
Gypsum Wall Board,Interior - 3 1/8" Partition (1-hr),Level 3,3.07,0.013,0.039
Gypsum Wall Board,Interior - 3 1/8" Partition (1-hr),Level 3,2.57,0.013,0.0326
Gypsum Wall Board,Interior - 3 1/8" Partition (1-hr),Level 3,2.57,0.006,0.0163
Metal Stud Layer,Interior - 3 1/8" Partition (1-hr),Level 3,2.57,0.041,0.1059
Gypsum Wall Board,Interior - 3 1/8" Partition (1-hr),Level 3,2.57,0.006,0.0163
Gypsum Wall Board,Interior - 3 1/8" Partition (1-hr),Level 3,2.57,0.013,0.0326
Gypsum Wall Board,Interior - 3 1/8" Partition (1-hr),Level 3,1.11,0.013,0.0142
Gypsum Wall Board,Interior - 3 1/8" Partition (1-hr),Level 3,1.11,0.006,0.0071
Metal Stud Layer,Interior - 3 1/8" Partition (1-hr),Level 3,1.11,0.041,0.046
Gypsum Wall Board,Interior - 3 1/8" Partition (1-hr),Level 3,1.11,0.006,0.0071
Gypsum Wall Board,Interior - 3 1/8" Partition (1-hr),Level 3,1.11,0.013,0.0142
Gypsum Wall Board,Interior - 3 1/8" Partition (1-hr),Level 3,1.11,0.013,0.0142
Gypsum Wall Board,Interior - 3 1/8" Partition (1-hr),Level 3,1.11,0.006,0.0071
Metal Stud Layer,Interior - 3 1/8" Partition (1-hr),Level 3,1.11,0.041,0.046
Gypsum Wall Board,Interior - 3 1/8" Partition (1-hr),Level 3,1.11,0.006,0.0071
Gypsum Wall Board,Interior - 3 1/8" Partition (1-hr),Level 3,1.11,0.013,0.0142
Gypsum Wall Board,Interior - 5 1/2" Partition (1-hr),Level 4,30.17,0.016,0.479
Metal Stud Layer,Interior - 5 1/2" Partition (1-hr),Level 4,30.17,0.092,2.7781
Gypsum Wall Board,Interior - 5 1/2" Partition (1-hr),Level 4,30.17,0.016,0.479
Gypsum Wall Board,Interior - 5 1/2" Partition (1-hr),Level 4,30.17,0.016,0.479
Gypsum Wall Board,Interior - 5 1/2" Partition (1-hr),Level 4,26.26,0.016,0.4169
Metal Stud Layer,Interior - 5 1/2" Partition (1-hr),Level 4,26.26,0.092,2.4179
Gypsum Wall Board,Interior - 5 1/2" Partition (1-hr),Level 4,26.26,0.016,0.4169
Gypsum Wall Board,Interior - 5 1/2" Partition (1-hr),Level 4,26.26,0.016,0.4169
Gypsum Wall Board,Interior - 5 1/2" Partition (1-hr),Level 4,26.26,0.016,0.4169
Metal Stud Layer,Interior - 5 1/2" Partition (1-hr),Level 4,26.26,0.092,2.4179
Gypsum Wall Board,Interior - 5 1/2" Partition (1-hr),Level 4,26.26,0.016,0.4169
Gypsum Wall Board,Interior - 5 1/2" Partition (1-hr),Level 4,26.26,0.016,0.4169
Gypsum Wall Board,Interior - 5 1/2" Partition (1-hr),Level 4,22.75,0.016,0.3612
Metal Stud Layer,Interior - 5 1/2" Partition (1-hr),Level 4,22.75,0.092,2.0947
Gypsum Wall Board,Interior - 5 1/2" Partition (1-hr),Level 4,22.75,0.016,0.3612
Gypsum Wall Board,Interior - 5 1/2" Partition (1-hr),Level 4,22.75,0.016,0.3612
Gypsum Wall Board,Interior - 5 1/2" Partition (1-hr),Level 4,20.5,0.016,0.3254
Metal Stud Layer,Interior - 5 1/2" Partition (1-hr),Level 4,20.5,0.092,1.8872
Gypsum Wall Board,Interior - 5 1/2" Partition (1-hr),Level 4,20.5,0.016,0.3254
Gypsum Wall Board,Interior - 5 1/2" Partition (1-hr),Level 4,20.5,0.016,0.3254
Gypsum Wall Board,Interior - 3 1/8" Partition (1-hr),Level 4,2.33,0.013,0.0296
Gypsum Wall Board,Interior - 3 1/8" Partition (1-hr),Level 4,2.33,0.006,0.0148
Metal Stud Layer,Interior - 3 1/8" Partition (1-hr),Level 4,2.33,0.041,0.0963
Gypsum Wall Board,Interior - 3 1/8" Partition (1-hr),Level 4,2.33,0.006,0.0148
Gypsum Wall Board,Interior - 3 1/8" Partition (1-hr),Level 4,2.33,0.013,0.0296
Gypsum Wall Board,Interior - 3 1/8" Partition (1-hr),Level 4,2.33,0.013,0.0296
Gypsum Wall Board,Interior - 3 1/8" Partition (1-hr),Level 4,2.33,0.006,0.0148
Metal Stud Layer,Interior - 3 1/8" Partition (1-hr),Level 4,2.33,0.041,0.0963
Gypsum Wall Board,Interior - 3 1/8" Partition (1-hr),Level 4,2.33,0.006,0.0148
Gypsum Wall Board,Interior - 3 1/8" Partition (1-hr),Level 4,2.33,0.013,0.0296
Gypsum Wall Board,Interior - 3 1/8" Partition (1-hr),Level 4,2.33,0.013,0.0296
Gypsum Wall Board,Interior - 3 1/8" Partition (1-hr),Level 4,2.33,0.006,0.0148
Metal Stud Layer,Interior - 3 1/8" Partition (1-hr),Level 4,2.33,0.041,0.0963
Gypsum Wall Board,Interior - 3 1/8" Partition (1-hr),Level 4,2.33,0.006,0.0148
Gypsum Wall Board,Interior - 3 1/8" Partition (1-hr),Level 4,2.33,0.013,0.0296
Gypsum Wall Board,Interior - 3 1/8" Partition (1-hr),Level 4,2.53,0.013,0.0321
Gypsum Wall Board,Interior - 3 1/8" Partition (1-hr),Level 4,2.53,0.006,0.0161
Metal Stud Layer,Interior - 3 1/8" Partition (1-hr),Level 4,2.53,0.041,0.1043
Gypsum Wall Board,Interior - 3 1/8" Partition (1-hr),Level 4,2.53,0.006,0.0161
Gypsum Wall Board,Interior - 3 1/8" Partition (1-hr),Level 4,2.53,0.013,0.0321
Gypsum Wall Board,Interior - 3 1/8" Partition (1-hr),Level 4,2.46,0.013,0.0312
Gypsum Wall Board,Interior - 3 1/8" Partition (1-hr),Level 4,2.46,0.006,0.0156
Metal Stud Layer,Interior - 3 1/8" Partition (1-hr),Level 4,2.46,0.041,0.1015
Gypsum Wall Board,Interior - 3 1/8" Partition (1-hr),Level 4,2.46,0.006,0.0156
Gypsum Wall Board,Interior - 3 1/8" Partition (1-hr),Level 4,2.46,0.013,0.0312
Gypsum Wall Board,Interior - 3 1/8" Partition (1-hr),Level 4,2.37,0.013,0.0301
Gypsum Wall Board,Interior - 3 1/8" Partition (1-hr),Level 4,2.37,0.006,0.0151
Metal Stud Layer,Interior - 3 1/8" Partition (1-hr),Level 4,2.37,0.041,0.0979
Gypsum Wall Board,Interior - 3 1/8" Partition (1-hr),Level 4,2.37,0.006,0.0151
Gypsum Wall Board,Interior - 3 1/8" Partition (1-hr),Level 4,2.37,0.013,0.0301
Gypsum Wall Board,Interior - 3 1/8" Partition (1-hr),Level 4,2.37,0.013,0.0301
Gypsum Wall Board,Interior - 3 1/8" Partition (1-hr),Level 4,2.37,0.006,0.0151
Metal Stud Layer,Interior - 3 1/8" Partition (1-hr),Level 4,2.37,0.041,0.0979
Gypsum Wall Board,Interior - 3 1/8" Partition (1-hr),Level 4,2.37,0.006,0.0151
Gypsum Wall Board,Interior - 3 1/8" Partition (1-hr),Level 4,2.37,0.013,0.0301
Gypsum Wall Board,Interior - 3 1/8" Partition (1-hr),Level 4,2.37,0.013,0.0301
Gypsum Wall Board,Interior - 3 1/8" Partition (1-hr),Level 4,2.37,0.006,0.0151
Metal Stud Layer,Interior - 3 1/8" Partition (1-hr),Level 4,2.37,0.041,0.0979
Gypsum Wall Board,Interior - 3 1/8" Partition (1-hr),Level 4,2.37,0.006,0.0151
Gypsum Wall Board,Interior - 3 1/8" Partition (1-hr),Level 4,2.37,0.013,0.0301
Gypsum Wall Board,Interior - 3 1/8" Partition (1-hr),Level 4,2.37,0.013,0.0301
Gypsum Wall Board,Interior - 3 1/8" Partition (1-hr),Level 4,2.37,0.006,0.0151
Metal Stud Layer,Interior - 3 1/8" Partition (1-hr),Level 4,2.37,0.041,0.0979
Gypsum Wall Board,Interior - 3 1/8" Partition (1-hr),Level 4,2.37,0.006,0.0151
Gypsum Wall Board,Interior - 3 1/8" Partition (1-hr),Level 4,2.37,0.013,0.0301
Gypsum Wall Board,Interior - 3 1/8" Partition (1-hr),Level 4,3.07,0.013,0.039
Gypsum Wall Board,Interior - 3 1/8" Partition (1-hr),Level 4,3.07,0.006,0.0195
Metal Stud Layer,Interior - 3 1/8" Partition (1-hr),Level 4,3.07,0.041,0.1267
Gypsum Wall Board,Interior - 3 1/8" Partition (1-hr),Level 4,3.07,0.006,0.0195
Gypsum Wall Board,Interior - 3 1/8" Partition (1-hr),Level 4,3.07,0.013,0.039
Gypsum Wall Board,Interior - 3 1/8" Partition (1-hr),Level 4,2.57,0.013,0.0326
Gypsum Wall Board,Interior - 3 1/8" Partition (1-hr),Level 4,2.57,0.006,0.0163
Metal Stud Layer,Interior - 3 1/8" Partition (1-hr),Level 4,2.57,0.041,0.1059
Gypsum Wall Board,Interior - 3 1/8" Partition (1-hr),Level 4,2.57,0.006,0.0163
Gypsum Wall Board,Interior - 3 1/8" Partition (1-hr),Level 4,2.57,0.013,0.0326
Gypsum Wall Board,Interior - 3 1/8" Partition (1-hr),Level 4,1.11,0.013,0.0142
Gypsum Wall Board,Interior - 3 1/8" Partition (1-hr),Level 4,1.11,0.006,0.0071
Metal Stud Layer,Interior - 3 1/8" Partition (1-hr),Level 4,1.11,0.041,0.046
Gypsum Wall Board,Interior - 3 1/8" Partition (1-hr),Level 4,1.11,0.006,0.0071
Gypsum Wall Board,Interior - 3 1/8" Partition (1-hr),Level 4,1.11,0.013,0.0142
Gypsum Wall Board,Interior - 3 1/8" Partition (1-hr),Level 4,1.11,0.013,0.0142
Gypsum Wall Board,Interior - 3 1/8" Partition (1-hr),Level 4,1.11,0.006,0.0071
Metal Stud Layer,Interior - 3 1/8" Partition (1-hr),Level 4,1.11,0.041,0.046
Gypsum Wall Board,Interior - 3 1/8" Partition (1-hr),Level 4,1.11,0.006,0.0071
Gypsum Wall Board,Interior - 3 1/8" Partition (1-hr),Level 4,1.11,0.013,0.0142
Gypsum Wall Board,Interior - 5 1/2" Partition (1-hr),Level 5,30.17,0.016,0.479
Metal Stud Layer,Interior - 5 1/2" Partition (1-hr),Level 5,30.17,0.092,2.7781
Gypsum Wall Board,Interior - 5 1/2" Partition (1-hr),Level 5,30.17,0.016,0.479
Gypsum Wall Board,Interior - 5 1/2" Partition (1-hr),Level 5,30.17,0.016,0.479
Gypsum Wall Board,Interior - 5 1/2" Partition (1-hr),Level 5,26.26,0.016,0.4169
Metal Stud Layer,Interior - 5 1/2" Partition (1-hr),Level 5,26.26,0.092,2.4179
Gypsum Wall Board,Interior - 5 1/2" Partition (1-hr),Level 5,26.26,0.016,0.4169
Gypsum Wall Board,Interior - 5 1/2" Partition (1-hr),Level 5,26.26,0.016,0.4169
Gypsum Wall Board,Interior - 5 1/2" Partition (1-hr),Level 5,26.26,0.016,0.4169
Metal Stud Layer,Interior - 5 1/2" Partition (1-hr),Level 5,26.26,0.092,2.4179
Gypsum Wall Board,Interior - 5 1/2" Partition (1-hr),Level 5,26.26,0.016,0.4169
Gypsum Wall Board,Interior - 5 1/2" Partition (1-hr),Level 5,26.26,0.016,0.4169
Gypsum Wall Board,Interior - 5 1/2" Partition (1-hr),Level 5,22.75,0.016,0.3612
Metal Stud Layer,Interior - 5 1/2" Partition (1-hr),Level 5,22.75,0.092,2.0947
Gypsum Wall Board,Interior - 5 1/2" Partition (1-hr),Level 5,22.75,0.016,0.3612
Gypsum Wall Board,Interior - 5 1/2" Partition (1-hr),Level 5,22.75,0.016,0.3612
Gypsum Wall Board,Interior - 5 1/2" Partition (1-hr),Level 5,20.5,0.016,0.3254
Metal Stud Layer,Interior - 5 1/2" Partition (1-hr),Level 5,20.5,0.092,1.8872
Gypsum Wall Board,Interior - 5 1/2" Partition (1-hr),Level 5,20.5,0.016,0.3254
Gypsum Wall Board,Interior - 5 1/2" Partition (1-hr),Level 5,20.5,0.016,0.3254
Gypsum Wall Board,Interior - 3 1/8" Partition (1-hr),Level 5,2.33,0.013,0.0296
Gypsum Wall Board,Interior - 3 1/8" Partition (1-hr),Level 5,2.33,0.006,0.0148
Metal Stud Layer,Interior - 3 1/8" Partition (1-hr),Level 5,2.33,0.041,0.0963
Gypsum Wall Board,Interior - 3 1/8" Partition (1-hr),Level 5,2.33,0.006,0.0148
Gypsum Wall Board,Interior - 3 1/8" Partition (1-hr),Level 5,2.33,0.013,0.0296
Gypsum Wall Board,Interior - 3 1/8" Partition (1-hr),Level 5,2.33,0.013,0.0296
Gypsum Wall Board,Interior - 3 1/8" Partition (1-hr),Level 5,2.33,0.006,0.0148
Metal Stud Layer,Interior - 3 1/8" Partition (1-hr),Level 5,2.33,0.041,0.0963
Gypsum Wall Board,Interior - 3 1/8" Partition (1-hr),Level 5,2.33,0.006,0.0148
Gypsum Wall Board,Interior - 3 1/8" Partition (1-hr),Level 5,2.33,0.013,0.0296
Gypsum Wall Board,Interior - 3 1/8" Partition (1-hr),Level 5,2.33,0.013,0.0296
Gypsum Wall Board,Interior - 3 1/8" Partition (1-hr),Level 5,2.33,0.006,0.0148
Metal Stud Layer,Interior - 3 1/8" Partition (1-hr),Level 5,2.33,0.041,0.0963
Gypsum Wall Board,Interior - 3 1/8" Partition (1-hr),Level 5,2.33,0.006,0.0148
Gypsum Wall Board,Interior - 3 1/8" Partition (1-hr),Level 5,2.33,0.013,0.0296
Gypsum Wall Board,Interior - 3 1/8" Partition (1-hr),Level 5,2.53,0.013,0.0321
Gypsum Wall Board,Interior - 3 1/8" Partition (1-hr),Level 5,2.53,0.006,0.0161
Metal Stud Layer,Interior - 3 1/8" Partition (1-hr),Level 5,2.53,0.041,0.1043
Gypsum Wall Board,Interior - 3 1/8" Partition (1-hr),Level 5,2.53,0.006,0.0161
Gypsum Wall Board,Interior - 3 1/8" Partition (1-hr),Level 5,2.53,0.013,0.0321
Gypsum Wall Board,Interior - 3 1/8" Partition (1-hr),Level 5,2.46,0.013,0.0312
Gypsum Wall Board,Interior - 3 1/8" Partition (1-hr),Level 5,2.46,0.006,0.0156
Metal Stud Layer,Interior - 3 1/8" Partition (1-hr),Level 5,2.46,0.041,0.1015
Gypsum Wall Board,Interior - 3 1/8" Partition (1-hr),Level 5,2.46,0.006,0.0156
Gypsum Wall Board,Interior - 3 1/8" Partition (1-hr),Level 5,2.46,0.013,0.0312
Gypsum Wall Board,Interior - 3 1/8" Partition (1-hr),Level 5,2.37,0.013,0.0301
Gypsum Wall Board,Interior - 3 1/8" Partition (1-hr),Level 5,2.37,0.006,0.0151
Metal Stud Layer,Interior - 3 1/8" Partition (1-hr),Level 5,2.37,0.041,0.0979
Gypsum Wall Board,Interior - 3 1/8" Partition (1-hr),Level 5,2.37,0.006,0.0151
Gypsum Wall Board,Interior - 3 1/8" Partition (1-hr),Level 5,2.37,0.013,0.0301
Gypsum Wall Board,Interior - 3 1/8" Partition (1-hr),Level 5,2.37,0.013,0.0301
Gypsum Wall Board,Interior - 3 1/8" Partition (1-hr),Level 5,2.37,0.006,0.0151
Metal Stud Layer,Interior - 3 1/8" Partition (1-hr),Level 5,2.37,0.041,0.0979
Gypsum Wall Board,Interior - 3 1/8" Partition (1-hr),Level 5,2.37,0.006,0.0151
Gypsum Wall Board,Interior - 3 1/8" Partition (1-hr),Level 5,2.37,0.013,0.0301
Gypsum Wall Board,Interior - 3 1/8" Partition (1-hr),Level 5,2.37,0.013,0.0301
Gypsum Wall Board,Interior - 3 1/8" Partition (1-hr),Level 5,2.37,0.006,0.0151
Metal Stud Layer,Interior - 3 1/8" Partition (1-hr),Level 5,2.37,0.041,0.0979
Gypsum Wall Board,Interior - 3 1/8" Partition (1-hr),Level 5,2.37,0.006,0.0151
Gypsum Wall Board,Interior - 3 1/8" Partition (1-hr),Level 5,2.37,0.013,0.0301
Gypsum Wall Board,Interior - 3 1/8" Partition (1-hr),Level 5,2.37,0.013,0.0301
Gypsum Wall Board,Interior - 3 1/8" Partition (1-hr),Level 5,2.37,0.006,0.0151
Metal Stud Layer,Interior - 3 1/8" Partition (1-hr),Level 5,2.37,0.041,0.0979
Gypsum Wall Board,Interior - 3 1/8" Partition (1-hr),Level 5,2.37,0.006,0.0151
Gypsum Wall Board,Interior - 3 1/8" Partition (1-hr),Level 5,2.37,0.013,0.0301
Gypsum Wall Board,Interior - 3 1/8" Partition (1-hr),Level 5,3.07,0.013,0.039
Gypsum Wall Board,Interior - 3 1/8" Partition (1-hr),Level 5,3.07,0.006,0.0195
Metal Stud Layer,Interior - 3 1/8" Partition (1-hr),Level 5,3.07,0.041,0.1267
Gypsum Wall Board,Interior - 3 1/8" Partition (1-hr),Level 5,3.07,0.006,0.0195
Gypsum Wall Board,Interior - 3 1/8" Partition (1-hr),Level 5,3.07,0.013,0.039
Gypsum Wall Board,Interior - 3 1/8" Partition (1-hr),Level 5,2.57,0.013,0.0326
Gypsum Wall Board,Interior - 3 1/8" Partition (1-hr),Level 5,2.57,0.006,0.0163
Metal Stud Layer,Interior - 3 1/8" Partition (1-hr),Level 5,2.57,0.041,0.1059
Gypsum Wall Board,Interior - 3 1/8" Partition (1-hr),Level 5,2.57,0.006,0.0163
Gypsum Wall Board,Interior - 3 1/8" Partition (1-hr),Level 5,2.57,0.013,0.0326
Gypsum Wall Board,Interior - 3 1/8" Partition (1-hr),Level 5,1.11,0.013,0.0142
Gypsum Wall Board,Interior - 3 1/8" Partition (1-hr),Level 5,1.11,0.006,0.0071
Metal Stud Layer,Interior - 3 1/8" Partition (1-hr),Level 5,1.11,0.041,0.046
Gypsum Wall Board,Interior - 3 1/8" Partition (1-hr),Level 5,1.11,0.006,0.0071
Gypsum Wall Board,Interior - 3 1/8" Partition (1-hr),Level 5,1.11,0.013,0.0142
Gypsum Wall Board,Interior - 3 1/8" Partition (1-hr),Level 5,1.11,0.013,0.0142
Gypsum Wall Board,Interior - 3 1/8" Partition (1-hr),Level 5,1.11,0.006,0.0071
Metal Stud Layer,Interior - 3 1/8" Partition (1-hr),Level 5,1.11,0.041,0.046
Gypsum Wall Board,Interior - 3 1/8" Partition (1-hr),Level 5,1.11,0.006,0.0071
Gypsum Wall Board,Interior - 3 1/8" Partition (1-hr),Level 5,1.11,0.013,0.0142
Concrete Masonry Units,Generic - 8" Masonry,Level 6,6.49,0.194,1.2576
Concrete Masonry Units,Generic - 8" Masonry,Level 6,18.3,0.194,3.5452
Concrete Masonry Units,Generic - 8" Masonry,Level 6,5.13,0.194,0.9941
Concrete Masonry Units,Generic - 8" Masonry,Level 6,17.71,0.194,3.4309
